time_min,from_edge,to_edge,head_from_m,head_to_m,delta_head_m,estimated_transfer_m,note
5,L1,L3,201.20836243831448,199.30537562970937,1.9029868086051067,2.0981930388638623e-05,简化拓扑水位势弱交换，非二维水动力模拟。
5,L2,L5,200.71014244042684,198.91744947874187,1.7926929616849634,1.9765853741176253e-05,简化拓扑水位势弱交换，非二维水动力模拟。
5,L2,L6,200.71014244042684,200.1067834530729,0.6033589873539427,6.652508685175519e-06,简化拓扑水位势弱交换，非二维水动力模拟。
5,L4,L1,202.5058926354604,201.20836243831448,1.2975301971459317,1.0729720307531285e-05,简化拓扑水位势弱交换，非二维水动力模拟。
5,L4,L2,202.5058926354604,200.71014244042684,1.7957501950335768,1.4849671612488875e-05,简化拓扑水位势弱交换，非二维水动力模拟。
5,L4,L6,202.5058926354604,200.1067834530729,2.3991091823875195,1.9839053126370515e-05,简化拓扑水位势弱交换，非二维水动力模拟。
5,L6,L3,200.1067834530729,199.30537562970937,0.8014078233635189,6.627114972639737e-06,简化拓扑水位势弱交换，非二维水动力模拟。
5,L6,L8,200.1067834530729,199.71077797092943,0.3960054821434653,3.2747045679512416e-06,简化拓扑水位势弱交换，非二维水动力模拟。
5,L7,L1,203.20115184765274,201.20836243831448,1.9927894093382577,3.295811232916557e-05,简化拓扑水位势弱交换，非二维水动力模拟。
5,L7,L4,203.20115184765274,202.5058926354604,0.695259212192326,1.1498671714102994e-05,简化拓扑水位势弱交换，非二维水动力模拟。
5,L8,L3,199.71077797092943,199.30537562970937,0.4054023412200536,4.469880539584661e-06,简化拓扑水位势弱交换，非二维水动力模拟。
5,L8,L5,199.71077797092943,198.91744947874187,0.7933284921875554,8.747072298732411e-06,简化拓扑水位势弱交换，非二维水动力模拟。
10,L1,L3,201.22496632588505,199.31608354176498,1.9088827841200668,2.1046938168655075e-05,简化拓扑水位势弱交换，非二维水动力模拟。
10,L2,L5,200.7316727846066,198.94732675579837,1.7843460288082156,1.9673822223255782e-05,简化拓扑水位势弱交换，非二维水动力模拟。
10,L2,L6,200.7316727846066,200.1202669854759,0.6114057991306936,6.7412311312727805e-06,简化拓扑水位势弱交换，非二维水动力模拟。
10,L4,L1,202.52096097819373,201.22496632588505,1.2959946523086785,1.0717022362882566e-05,简化拓扑水位势弱交换，非二维水动力模拟。
10,L4,L2,202.52096097819373,200.7316727846066,1.78928819358714,1.4796235115750965e-05,简化拓扑水位势弱交换，非二维水动力模拟。
10,L4,L6,202.52096097819373,200.1202669854759,2.4006939927178337,1.985215846420555e-05,简化拓扑水位势弱交换，非二维水动力模拟。
10,L6,L3,200.1202669854759,199.31608354176498,0.8041834437109117,6.650067525168322e-06,简化拓扑水位势弱交换，非二维水动力模拟。
10,L6,L8,200.1202669854759,199.73065321188798,0.3896137735879108,3.2218493471331004e-06,简化拓扑水位势弱交换，非二维水动力模拟。
10,L7,L1,203.2088217647356,201.22496632588505,1.9838554388505543,3.281035622332749e-05,简化拓扑水位势弱交换，非二维水动力模拟。
10,L7,L4,203.2088217647356,202.52096097819373,0.6878607865418758,1.1376311497562357e-05,简化拓扑水位势弱交换，非二维水动力模拟。
10,L8,L3,199.73065321188798,199.31608354176498,0.41456967012300083,4.570957570713629e-06,简化拓扑水位势弱交换，非二维水动力模拟。
10,L8,L5,199.73065321188798,198.94732675579837,0.7833264560896112,8.6367919624722e-06,简化拓扑水位势弱交换，非二维水动力模拟。
15,L1,L3,201.25389824573244,199.33474208344128,1.9191561622911593,2.1160210265270406e-05,简化拓扑水位势弱交换，非二维水动力模拟。
15,L2,L5,200.77030203310127,198.99580287932542,1.7744991537758494,1.9565252660114052e-05,简化拓扑水位势弱交换，非二维水动力模拟。
15,L2,L6,200.77030203310127,200.14377610943765,0.6265259236636211,6.907942428998474e-06,简化拓扑水位势弱交换，非二维水动力模拟。
15,L4,L1,202.54984350233585,201.25389824573244,1.295945256603403,1.0716613892926982e-05,简化拓扑水位势弱交换，非二维水动力模拟。
15,L4,L2,202.54984350233585,200.77030203310127,1.779541469234573,1.4715636123567444e-05,简化拓扑水位势弱交换，非二维水动力模拟。
15,L4,L6,202.54984350233585,200.14377610943765,2.406067392898194,1.9896592945316298e-05,简化拓扑水位势弱交换，非二维水动力模拟。
15,L6,L3,200.14377610943765,199.33474208344128,0.8090340259963682,6.690178646563488e-06,简化拓扑水位势弱交换，非二维水动力模拟。
15,L6,L8,200.14377610943765,199.7641891606127,0.379586948824965,3.1389341090017005e-06,简化拓扑水位势弱交换，非二维水动力模拟。
15,L7,L1,203.22633562799993,201.25389824573244,1.9724373822674863,3.2621516605010525e-05,简化拓扑水位势弱交换，非二维水动力模拟。
15,L7,L4,203.22633562799993,202.54984350233585,0.6764921256640832,1.1188288819156564e-05,简化拓扑水位势弱交换，非二维水动力模拟。
15,L8,L3,199.7641891606127,199.33474208344128,0.4294470771714032,4.7349927167490505e-06,简化拓扑水位势弱交换，非二维水动力模拟。
15,L8,L5,199.7641891606127,198.99580287932542,0.7683862812872633,8.472064752446644e-06,简化拓扑水位势弱交换，非二维水动力模拟。
20,L1,L3,201.2910480928024,199.35870200176507,1.9323460910373456,2.1305639632164675e-05,简化拓扑水位势弱交换，非二维水动力模拟。
20,L2,L5,200.82033002455327,199.0566775417349,1.7636524828183724,1.9445659558391465e-05,简化拓扑水位势弱交换，非二维水动力模拟。
20,L2,L6,200.82033002455327,200.17396979168484,0.6463602328684317,7.126631330655715e-06,简化拓扑水位势弱交换，非二维水动力模拟。
20,L4,L1,202.58793495467424,201.2910480928024,1.2968868618718261,1.0724400348450329e-05,简化拓扑水位势弱交换，非二维水动力模拟。
20,L4,L2,202.58793495467424,200.82033002455327,1.7676049301209673,1.4616928805301854e-05,简化拓扑水位势弱交换，非二维水动力模拟。
20,L4,L6,202.58793495467424,200.17396979168484,2.413965162989399,1.996190230329364e-05,简化拓扑水位势弱交换，非二维水动力模拟。
20,L6,L3,200.17396979168484,199.35870200176507,0.8152677899197727,6.7417277692801955e-06,简化拓扑水位势弱交换，非二维水动力模拟。
20,L6,L8,200.17396979168484,199.8068319822744,0.36713780941045115,3.0359879237945946e-06,简化拓扑水位势弱交换，非二维水动力模拟。
20,L7,L1,203.25041310586798,201.2910480928024,1.9593650130655647,3.2405316834705484e-05,简化拓扑水位势弱交换，非二维水动力模拟。
20,L7,L4,203.25041310586798,202.58793495467424,0.6624781511937385,1.0956516137804823e-05,简化拓扑水位势弱交换，非二维水动力模拟。
20,L8,L3,199.8068319822744,199.35870200176507,0.4481299805093215,4.940986460647468e-06,简化拓扑水位势弱交换，非二维水动力模拟。
20,L8,L5,199.8068319822744,199.0566775417349,0.7501544405394895,8.271044329342957e-06,简化拓扑水位势弱交换，非二维水动力模拟。
25,L1,L3,201.32408645107205,199.38001403996802,1.944072411104031,2.143493155906691e-05,简化拓扑水位势弱交换，非二维水动力模拟。
25,L2,L5,200.86465730871745,199.11135064844854,1.753306660268919,1.9331588705370177e-05,简化拓扑水位势弱交换，非二维水动力模拟。
25,L2,L6,200.86465730871745,200.20082350645635,0.6638338022611094,7.319291214045527e-06,简化拓扑水位势弱交换，非二维水动力模拟。
25,L4,L1,202.62142053368055,201.32408645107205,1.2973340826085007,1.0728098569448037e-05,简化拓扑水位势弱交换，非二维水动力模拟。
25,L4,L2,202.62142053368055,200.86465730871745,1.7567632249630947,1.4527275042902665e-05,简化拓扑水位势弱交换，非二维水动力模拟。
25,L4,L6,202.62142053368055,200.20082350645635,2.420597027224204,2.001674345343681e-05,简化拓扑水位势弱交换，非二维水动力模拟。
25,L6,L3,200.20082350645635,199.38001403996802,0.8208094664883276,6.78755378531141e-06,简化拓扑水位势弱交换，非二维水动力模拟。
25,L6,L8,200.20082350645635,199.84492062240705,0.35590288404929993,2.9430824892495636e-06,简化拓扑水位势弱交换，非二维水动力模拟。
25,L7,L1,203.2712119581115,201.32408645107205,1.947125507039459,3.220289152444862e-05,简化拓扑水位势弱交换，非二维水动力模拟。
25,L7,L4,203.2712119581115,202.62142053368055,0.6497914244309584,1.0746694385552544e-05,简化拓扑水位势弱交换，非二维水动力模拟。
25,L8,L3,199.84492062240705,199.38001403996802,0.4649065824390277,5.125961728082462e-06,简化拓扑水位势弱交换，非二维水动力模拟。
25,L8,L5,199.84492062240705,199.11135064844854,0.7335699739585095,8.088187505658567e-06,简化拓扑水位势弱交换，非二维水动力模拟。
30,L1,L3,201.348903729827,199.39602808883222,1.9528756409947619,2.153199411143315e-05,简化拓扑水位势弱交换，非二维水动力模拟。
30,L2,L5,200.8975843150701,199.1536223652299,1.7439619498402124,1.9228555903024676e-05,简化拓扑水位势弱交换，非二维水动力模拟。
30,L2,L6,200.8975843150701,200.22099540537786,0.6765889096922422,7.4599263330119085e-06,简化拓扑水位势弱交换，非二维水动力模拟。
30,L4,L1,202.6456955339401,201.348903729827,1.296791804113127,1.0723614283381364e-05,简化拓扑水位势弱交换，非二维水动力模拟。
30,L4,L2,202.6456955339401,200.8975843150701,1.748111218870008,1.4455728649853722e-05,简化拓扑水位势弱交换，非二维水动力模拟。
30,L4,L6,202.6456955339401,200.22099540537786,2.4247001285622503,2.0050673399612652e-05,简化拓扑水位势弱交换，非二维水动力模拟。
30,L6,L3,200.22099540537786,199.39602808883222,0.8249673165456386,6.8219364673435745e-06,简化拓扑水位势弱交换，非二维水动力模拟。
30,L6,L8,200.22099540537786,199.8739015034784,0.34709390189945566,2.870238007579875e-06,简化拓扑水位势弱交换，非二维水动力模拟。
30,L7,L1,203.28545114087825,201.348903729827,1.936547411051265,3.2027943748143765e-05,简化拓扑水位势弱交换，非二维水动力模拟。
30,L7,L4,203.28545114087825,202.6456955339401,0.639755606938138,1.0580715181381034e-05,简化拓扑水位势弱交换，非二维水动力模拟。
30,L8,L3,199.8739015034784,199.39602808883222,0.47787341464618294,5.268931279684932e-06,简化拓扑水位势弱交换，非二维水动力模拟。
30,L8,L5,199.8739015034784,199.1536223652299,0.7202791382485145,7.94164555990627e-06,简化拓扑水位势弱交换，非二维水动力模拟。
35,L1,L3,201.36550018665406,199.40674371999336,1.9587564666607022,2.1596834852415966e-05,简化拓扑水位势弱交换，非二维水动力模拟。
35,L2,L5,200.91911133906444,199.18349292884247,1.7356184102219743,1.9136561798455427e-05,简化拓扑水位势弱交换，非二维水动力模拟。
35,L2,L6,200.91911133906444,200.23448508071672,0.6846262583477198,7.548544440733876e-06,简化拓扑水位势弱交换，非二维水动力模拟。
35,L4,L1,202.66076022956537,201.36550018665406,1.295260042911309,1.0710947626906174e-05,简化拓扑水位势弱交换，非二维水动力模拟。
35,L4,L2,202.66076022956537,200.91911133906444,1.741648890500926,1.4402289449680812e-05,简化拓扑水位势弱交换，非二维水动力模拟。
35,L4,L6,202.66076022956537,200.23448508071672,2.426275148848646,2.006369778023122e-05,简化拓扑水位势弱交换，非二维水动力模拟。
35,L6,L3,200.23448508071672,199.40674371999336,0.8277413607233655,6.844875985986929e-06,简化拓扑水位势弱交换，非二维水动力模拟。
35,L6,L8,200.23448508071672,199.89377475422862,0.3407103264881073,2.8174500425086475e-06,简化拓扑水位势弱交换，非二维水动力模拟。
35,L7,L1,203.29313029760897,201.36550018665406,1.927630110954908,3.188046334862368e-05,简化拓扑水位势弱交换，非二维水动力模拟。
35,L7,L4,203.29313029760897,202.66076022956537,0.6323700680435991,1.0458568094811326e-05,简化拓扑水位势弱交换，非二维水动力模拟。
35,L8,L3,199.89377475422862,199.40674371999336,0.4870310342352582,5.369901257971042e-06,简化拓扑水位势弱交换，非二维水动力模拟。
35,L8,L5,199.89377475422862,199.18349292884247,0.7102818253861471,7.831417301043355e-06,简化拓扑水位势弱交换，非二维水动力模拟。
40,L1,L3,201.37387607905214,199.4121605051564,1.9617155738957308,2.1629461343433737e-05,简化拓扑水位势弱交换，非二维水动力模拟。
40,L2,L5,200.92923867611088,199.20096257604715,1.7282761000637379,1.905560703831979e-05,简化拓扑水位势弱交换，非二维水动力模拟。
40,L2,L6,200.92923867611088,200.24129212482862,0.6879465512822662,7.585153288944236e-06,简化拓扑水位势弱交换，非二维水动力模拟。
40,L4,L1,202.66661489458855,201.37387607905214,1.29273881553641,1.0690098736742489e-05,简化拓扑水位势弱交换，非二维水动力模拟。
40,L4,L2,202.66661489458855,200.92923867611088,1.7373762184776638,1.4366957265600429e-05,简化拓扑水位势弱交换，非二维水动力模拟。
40,L4,L6,202.66661489458855,200.24129212482862,2.42532276975993,2.0055822232308607e-05,简化拓扑水位势弱交换，非二维水动力模拟。
40,L6,L3,200.24129212482862,199.4121605051564,0.8291316196722107,6.856372512009186e-06,简化拓扑水位势弱交换，非二维水动力模拟。
40,L6,L8,200.24129212482862,199.90454050335097,0.3367516214776458,2.7847141588770337e-06,简化拓扑水位势弱交换，非二维水动力模拟。
40,L7,L1,203.29424907184736,201.37387607905214,1.9203729927952224,3.176044017187849e-05,简化拓扑水位势弱交换，非二维水动力模拟。
40,L7,L4,203.29424907184736,202.66661489458855,0.6276341772588125,1.0380242698393506e-05,简化拓扑水位势弱交换，非二维水动力模拟。
40,L8,L3,199.90454050335097,199.4121605051564,0.4923799981945649,5.4288778041762025e-06,简化拓扑水位势弱交换，非二维水动力模拟。
40,L8,L5,199.90454050335097,199.20096257604715,0.7035779273038258,7.75750153753951e-06,简化拓扑水位势弱交换，非二维水动力模拟。
45,L1,L3,201.3739586651424,199.4121394563821,1.9618192087602893,2.1630603999548938e-05,简化拓扑水位势弱交换，非二维水动力模拟。
45,L2,L5,200.92796662007888,199.20603154360194,1.7219350764769388,1.898569225231638e-05,简化拓扑水位势弱交换，非二维水动力模拟。
45,L2,L6,200.92796662007888,200.24134822824672,0.6866183918321553,7.570509283530627e-06,简化拓扑水位势弱交换，非二维水动力模拟。
45,L4,L1,202.66325980062896,201.3739586651424,1.2893011354865678,1.066167138644057e-05,简化拓扑水位势弱交换，非二维水动力模拟。
45,L4,L2,202.66325980062896,200.92796662007888,1.7352931805500873,1.4349731913618611e-05,简化拓扑水位势弱交换，非二维水动力模拟。
45,L4,L6,202.66325980062896,200.24134822824672,2.4219115723822426,2.0027613876266582e-05,简化拓扑水位势弱交换，非二维水动力模拟。
45,L6,L3,200.24134822824672,199.4121394563821,0.8292087718646144,6.857010509835691e-06,简化拓扑水位势弱交换，非二维水动力模拟。
45,L6,L8,200.24134822824672,199.90619887531324,0.3351493529334846,2.7714644531097066e-06,简化拓扑水位势弱交换，非二维水动力模拟。
45,L7,L1,203.2888071048214,201.3739586651424,1.914848439678991,3.166907133916592e-05,简化拓扑水位势弱交换，非二维水动力模拟。
45,L7,L4,203.2888071048214,202.66325980062896,0.6255473041924233,1.0345728566284781e-05,简化拓扑水位势弱交换，非二维水动力模拟。
45,L8,L3,199.90619887531324,199.4121394563821,0.4940594189311298,5.447394742301313e-06,简化拓扑水位势弱交换，非二维水动力模拟。
45,L8,L5,199.90619887531324,199.20603154360194,0.7001673317112989,7.719897031306145e-06,简化拓扑水位势弱交换，非二维水动力模拟。
50,L1,L3,201.37404125123263,199.41211840760784,1.9619228436247909,2.1631746655663513e-05,简化拓扑水位势弱交换，非二维水动力模拟。
50,L2,L5,200.92669490068508,199.21109997359204,1.7155949270930364,1.8915787105089366e-05,简化拓扑水位势弱交换，非二维水动力模拟。
50,L2,L6,200.92669490068508,200.2414043316648,0.6852905690202817,7.55586898981908e-06,简化拓扑水位势弱交换，非二维水动力模拟。
50,L4,L1,202.65990490341414,201.37404125123263,1.2858636521815185,1.0633245663088531e-05,简化拓扑水位势弱交换，非二维水动力模拟。
50,L4,L2,202.65990490341414,200.92669490068508,1.7332100027290664,1.433250540481013e-05,简化拓扑水位势弱交换，非二维水动力模拟。
50,L4,L6,202.65990490341414,200.2414043316648,2.418500571749348,1.999940714717444e-05,简化拓扑水位势弱交换，非二维水动力模拟。
50,L6,L3,200.2414043316648,199.41211840760784,0.8292859240569612,6.857648507661727e-06,简化拓扑水位势弱交换，非二维水动力模拟。
50,L6,L8,200.2414043316648,199.90785727645124,0.33354705521355754,2.7582145060780088e-06,简化拓扑水位势弱交换，非二维水动力模拟。
50,L7,L1,203.28336576717513,201.37404125123263,1.909324515942501,3.157771291556539e-05,简化拓扑水位势弱交换，非二维水动力模拟。
50,L7,L4,203.28336576717513,202.65990490341414,0.6234608637609824,1.0311221589388323e-05,简化拓扑水位势弱交换，非二维水动力模拟。
50,L8,L3,199.90785727645124,199.41211840760784,0.4957388688434037,5.4659120021116234e-06,简化拓扑水位势弱交换，非二维水动力模拟。
50,L8,L5,199.90785727645124,199.21109997359204,0.6967573028591971,7.68229877383294e-06,简化拓扑水位势弱交换，非二维水动力模拟。
55,L1,L3,201.37008590760877,199.40958622664536,1.9604996809634088,2.1616055164919698e-05,简化拓扑水位势弱交换，非二维水动力模拟。
55,L2,L5,200.9197238010315,199.2099679134318,1.709755887599698,1.8851407089614883e-05,简化拓扑水位势弱交换，非二维水动力模拟。
55,L2,L6,200.9197238010315,200.2381863903447,0.6815374106867864,7.514487459198455e-06,简化拓扑水位势弱交换，非二维水动力模拟。
55,L4,L1,202.65194536260952,201.37008590760877,1.281859455000756,1.0600133589165095e-05,简化拓扑水位势弱交换，非二维水动力模拟。
55,L4,L2,202.65194536260952,200.9197238010315,1.7322215615780294,1.4324331647378965e-05,简化拓扑水位势弱交换，非二维水动力模拟。
55,L4,L6,202.65194536260952,200.2381863903447,2.413758972264816,1.9960197241777807e-05,简化拓扑水位势弱交换，非二维水动力模拟。
55,L6,L3,200.2381863903447,199.40958622664536,0.828600163699349,6.851977721077062e-06,简化拓扑水位势弱交换，非二维水动力模拟。
55,L6,L8,200.2381863903447,199.90496206890776,0.33322432143694414,2.7555457102654162e-06,简化拓扑水位势弱交换，非二维水动力模拟。
55,L7,L1,203.27464419595336,201.37008590760877,1.9045582883445888,3.1498885788212015e-05,简化拓扑水位势弱交换，非二维水动力模拟。
55,L7,L4,203.27464419595336,202.65194536260952,0.6226988333438328,1.0298618609881824e-05,简化拓扑水位势弱交换，非二维水动力模拟。
55,L8,L3,199.90496206890776,199.40958622664536,0.49537584226240483,5.4619093477488604e-06,简化拓扑水位势弱交换，非二维水动力模拟。
55,L8,L5,199.90496206890776,199.2099679134318,0.6949941554759675,7.662858683395871e-06,简化拓扑水位势弱交换，非二维水动力模拟。
